total_iterations,totim,kper,kstp,ksub,nouter,ninner,solution_dvmax,solution_dvmax_model,solution_dvmax_node,solution_drmax,solution_drmax_model,solution_drmax_node,solution_alpha,solution_omega
1,1.000000000000000,1,1,1,1,1,-.1393172658258470,1,93942,.3081007253273629E-01,1,60005,1.058237,1.603203
2,1.000000000000000,1,1,1,1,2,-.2783530932182636,1,93942,.6072583974579167E-02,1,76466,2.209474,1.026361
3,1.000000000000000,1,1,1,1,3,-.9864855366736676,1,93942,.4101742438714430E-02,1,38102,1.464286,6.882989
4,1.000000000000000,1,1,1,1,4,-.8518331328945358,1,93942,-.1922658920526576E-02,1,37996,4.735592,0.9179464
5,1.000000000000000,1,1,1,1,5,-1.194092612102568,1,93942,-.4317772425880112E-02,1,37996,2.751764,2.031471
6,1.000000000000000,1,1,1,1,6,-1.086111134563176,1,93942,-.1422755078144465E-02,1,37996,2.529707,0.9683265
7,1.000000000000000,1,1,1,1,7,-1.607798393918517,1,93942,-.2554321508859131E-02,1,37996,3.119722,1.644785
8,1.000000000000000,1,1,1,1,8,-1.711598239775924,1,93942,-.1312284399802592E-02,1,37996,2.803605,1.033829
9,1.000000000000000,1,1,1,1,9,-2.138135438499798,1,93942,-.2321333918255626E-02,1,37996,2.718668,1.801480
10,1.000000000000000,1,1,1,1,10,-2.610491944873750,1,93942,-.9542900337618809E-03,1,37996,3.081809,0.9851394
11,1.000000000000000,1,1,1,1,11,-3.392443352609898,1,93942,-.1886198551821697E-02,1,37996,2.918350,1.857770
12,1.000000000000000,1,1,1,1,12,-4.216498340874439,1,93942,-.5036252181545072E-03,1,37996,3.634105,0.8705271
13,1.000000000000000,1,1,1,1,13,-.7307978272093230,1,93942,.2260787906183335E-02,1,37996,-0.5847108,2.858776
14,1.000000000000000,1,1,1,1,14,-8.812167222828968,1,93942,.2262922772786875E-02,1,37996,-5.196176,4.244261
15,1.000000000000000,1,1,1,1,15,-6.393830449331425,1,93942,.6993085775701762E-03,1,37996,3.565306,1.257700
16,1.000000000000000,1,1,1,1,16,-7.650783260556594,1,93942,.1174255723968764E-02,1,37996,3.136395,2.717220
17,1.000000000000000,1,1,1,1,17,-7.301946570101959,1,93942,.6430969962109533E-03,1,37996,2.716300,1.595502
18,1.000000000000000,1,1,1,1,18,-7.785306767001290,1,93942,.9086073737866933E-03,1,37996,2.771982,3.161556
19,1.000000000000000,1,1,1,1,19,-6.628419556197523,1,93942,.3027006299188147E-03,1,37996,3.018220,1.237765
20,1.000000000000000,1,1,1,1,20,-6.744368101477710,1,93942,.4657884156189299E-03,1,11008,2.837528,2.169646
21,1.000000000000000,1,1,1,1,21,-6.171754118502890,1,93942,.2225814371543160E-03,1,37559,2.919474,1.032971
22,1.000000000000000,1,1,1,1,22,-7.266818154094148,1,93942,.3507665501986405E-03,1,11008,3.122385,1.833403
23,1.000000000000000,1,1,1,1,23,-6.235687731462907,1,93942,.1680612475113902E-03,1,37559,2.777582,1.074359
24,1.000000000000000,1,1,1,1,24,-5.887518007303767,1,93942,.2511655681366364E-03,1,11008,2.956308,1.644146
25,1.000000000000000,1,1,1,1,25,-5.647676768737917,1,93942,.1489689401360259E-03,1,11008,2.905665,1.157204
26,1.000000000000000,1,1,1,1,26,-5.298456676434572,1,93942,.2737413768206620E-03,1,11008,2.658570,2.239768
27,1.000000000000000,1,1,1,1,27,-4.869193137418179,1,93942,.1537341099006479E-03,1,11008,2.761332,1.353813
28,1.000000000000000,1,1,1,1,28,-4.699886043253373,1,93942,.2687008136248317E-03,1,11008,2.767119,2.950578
29,1.000000000000000,1,1,1,1,29,-4.398753062915581,1,93942,.1117282653679556E-03,1,11008,3.053703,1.429772
30,1.000000000000000,1,1,1,1,30,-4.788709689138663,1,93942,-.1697842726431680E-03,1,29253,3.386348,2.081322
31,1.000000000000000,1,1,1,1,31,-4.698331598850597,1,93942,-.5714034777389216E-04,1,29253,3.315361,0.9513879
32,1.000000000000000,1,1,1,1,32,-4.069131646515553,1,93942,-.8863396462587006E-04,1,29253,3.255951,1.444191
33,1.000000000000000,1,1,1,1,33,-4.556302204567430,1,93942,.2011964641218147E-04,1,45925,5.173641,0.8045997
34,1.000000000000000,1,1,1,1,34,-.4339616320993483E-01,1,93942,.2759410174682783E-03,1,29253,0.3816268,41.99943
35,1.000000000000000,1,1,1,1,35,-1.867112412003444,1,93942,.2132741422905690E-04,1,29253,6.501241,1.286668
36,1.000000000000000,1,1,1,1,36,-1.064932511102562,1,93942,-.1028565621045907E-04,1,29253,2.666553,0.9025247
37,1.000000000000000,1,1,1,1,37,-1.349970466530169,1,93942,.6114826010341635E-05,1,37559,6.282674,0.8346558
38,1.000000000000000,1,1,1,1,38,-.4268244743034960,1,93942,.7338342018679748E-04,1,29253,0.5910532,24.00451
39,1.000000000000000,1,1,1,1,39,.2617508047012316,1,93942,-.7093795119592300E-05,1,29253,1.323300,0.9800037
40,1.000000000000000,1,1,1,1,40,-.2781060483083862,1,93942,-.8132616012642784E-05,1,29253,4.218131,1.128021
41,1.000000000000000,1,1,1,1,41,-.6098292118004958,1,93942,.2210295261906767E-05,1,29253,2.024782,89.16955
42,1.000000000000000,1,1,1,1,42,.8624929929187364E-02,1,93942,.2085349983174825E-05,1,37559,-0.8531726,0.7892369
43,1.000000000000000,1,1,1,1,43,-.1644305489789537,1,93942,-.2994616751168056E-05,1,29253,-7.790022,1.386910
44,1.000000000000000,1,1,1,1,44,-.7988177318327896E-01,1,93942,-.7167002505373474E-05,1,29253,1.309040,8.164774
45,1.000000000000000,1,1,1,1,45,-.1682686299010108,1,93942,.3525950632724391E-06,1,37348,12.91276,0.7764151
46,1.000000000000000,1,1,1,1,46,-.1807365356622603E-01,1,93942,.1139510856332204E-05,1,29253,0.3605724,18.68563
47,1.000000000000000,1,1,1,1,47,.2352534930689616E-01,1,93942,-.2605802576000543E-05,1,29253,3.561572,13.76734
48,1.000000000000000,1,1,1,1,48,-.2849627948875284E-01,1,93942,.2867093684160632E-06,1,37559,5.511139,0.7935911
49,1.000000000000000,1,1,1,1,49,-.4126175115830734E-01,1,93942,.2624370686456123E-05,1,29253,0.4025325,91.13059
50,1.000000000000000,1,1,1,1,50,-.1487384907442412E-01,1,93942,.1383853371304379E-06,1,37559,8.058950,0.7735080
51,1.000000000000000,1,1,1,1,51,-.1428695810665519E-01,1,93942,.8579854927277691E-07,1,37559,1.433262,13.84124
52,1.000000000000000,1,1,1,1,52,-.1905133334423261E-01,1,93942,-.5151729118375009E-07,1,47283,13.13860,1.608682
53,1.000000000000000,1,1,1,1,53,.5011561930511193E-02,1,93942,.4418695962963722E-07,1,37559,0.9440231,1.796921
54,1.000000000000000,1,1,1,1,54,-.1391848593859209E-02,1,93942,.4016928730422820E-07,1,37559,1.103244,1.292760
55,1.000000000000000,1,1,1,1,55,-.6936481550613384E-02,1,93942,-.2058458774290271E-07,1,52445,8.737420,1.914972
56,1.000000000000000,1,1,1,1,56,-.3864791166350594E-04,1,93942,.2039307702718654E-07,1,37559,-0.2701076E-01,1.280339
57,1.000000000000000,1,1,1,2,1,.7187927961872187,1,93942,.7738020494947059E-03,1,29999,1.042995,1.547589
58,1.000000000000000,1,1,1,2,2,.9544005595535480,1,93942,.3567270660161195E-03,1,48664,2.336605,1.081935
59,1.000000000000000,1,1,1,2,3,1.564496308057067,1,93942,.2967327647905724E-03,1,38428,2.506522,2.295567
60,1.000000000000000,1,1,1,2,4,1.882834041087600,1,93942,.1643927967863575E-03,1,56788,3.137311,1.184429
61,1.000000000000000,1,1,1,2,5,2.744578923902043,1,93942,-.3273001252366336E-03,1,47446,3.342559,2.118293
62,1.000000000000000,1,1,1,2,6,2.370146120794352,1,93942,-.1777861834185996E-03,1,47446,2.825014,1.151465
63,1.000000000000000,1,1,1,2,7,2.631944133262321,1,93942,-.3022202363036279E-03,1,47446,3.008990,1.844019
64,1.000000000000000,1,1,1,2,8,3.064547261213661,1,93942,-.1752179344018320E-03,1,47446,3.161082,1.234382
65,1.000000000000000,1,1,1,2,9,3.233404094461073,1,93942,-.2378166095410334E-03,1,47446,3.048905,2.000265
66,1.000000000000000,1,1,1,2,10,2.586079092737837,1,93942,-.1637489867162599E-03,1,38267,2.672467,1.402997
67,1.000000000000000,1,1,1,2,11,2.364353170655850,1,93942,-.2092511353395291E-03,1,38267,2.902300,2.027378
68,1.000000000000000,1,1,1,2,12,2.322568647163565,1,93942,-.1399507947377901E-03,1,38267,3.115800,1.410753
69,1.000000000000000,1,1,1,2,13,2.052206412392137,1,93942,-.1779144166572866E-03,1,38267,2.990400,1.950893
70,1.000000000000000,1,1,1,2,14,1.734800444038017,1,93942,-.1225357110688940E-03,1,38267,2.915381,1.434754
71,1.000000000000000,1,1,1,2,15,1.463532433572919,1,93942,-.1247900583209694E-03,1,38267,3.034076,1.664354
72,1.000000000000000,1,1,1,2,16,1.319749550190959,1,93942,-.6816948262660305E-04,1,38267,3.292134,1.174356
73,1.000000000000000,1,1,1,2,17,1.244035888284830,1,93942,-.9868520992637595E-04,1,38267,3.136682,1.880751
74,1.000000000000000,1,1,1,2,18,1.079350623647829,1,93942,-.6651212263732013E-04,1,38267,2.890538,1.455214
75,1.000000000000000,1,1,1,2,19,.7962026612549108,1,93942,-.9165997360166371E-04,1,38267,2.796654,2.253033
76,1.000000000000000,1,1,1,2,20,.5615770319074963,1,93942,-.5467261060839647E-04,1,38267,2.785529,1.452551
77,1.000000000000000,1,1,1,2,21,.4775939423957096,1,93942,-.7389161592406900E-04,1,38267,3.052025,2.227280
78,1.000000000000000,1,1,1,2,22,.4920070298267623,1,93942,-.4267053534532507E-04,1,38267,3.270462,1.459371
79,1.000000000000000,1,1,1,2,23,.5062865130535543,1,93942,-.5076937516368046E-04,1,38267,3.258829,2.066244
80,1.000000000000000,1,1,1,2,24,.5642711492842413,1,93942,-.2949848457000735E-04,1,38267,3.338915,1.445641
81,1.000000000000000,1,1,1,2,25,.5648024304203609,1,93942,-.3809671000984239E-04,1,38267,2.915376,2.625923
82,1.000000000000000,1,1,1,2,26,.5614188925190747,1,93942,.2344558939767999E-04,1,30991,3.588331,1.028995
83,1.000000000000000,1,1,1,2,27,.6214808626421220,1,93942,.5002243038977038E-04,1,38649,2.015499,13.36773
84,1.000000000000000,1,1,1,2,28,-.2217101029423893,1,93942,.2031573588352360E-04,1,30991,-3.283895,0.8193386
85,1.000000000000000,1,1,1,2,29,.5405305704784867,1,93942,-.4432640380017613E-04,1,38267,-2.003261,10.84307
86,1.000000000000000,1,1,1,2,30,.7746780963258078,1,93942,.1475979712954730E-04,1,31263,1.903780,1.421784
87,1.000000000000000,1,1,1,2,31,.3388017363706733,1,93942,.1301358705732610E-04,1,31263,3.352315,1.295690
88,1.000000000000000,1,1,1,2,32,.5633095225381479,1,93942,.1003131931332435E-04,1,65661,3.952441,1.591071
89,1.000000000000000,1,1,1,2,33,.4191169957626824E-02,1,93942,.1013935667569014E-04,1,56319,-0.2531647,1.281375
90,1.000000000000000,1,1,1,2,34,.1824627324543624E-01,1,93942,.1293328188924878E-04,1,65661,0.4933466E-01,2.526824
91,1.000000000000000,1,1,1,2,35,.5926710964677755,1,93942,.2645820266912788E-04,1,76287,-551.8502,26.08566
92,1.000000000000000,1,1,1,2,36,-.2323917200704044E-01,1,93942,.5464124801565712E-05,1,30235,0.3570542,0.8567714
93,1.000000000000000,1,1,1,2,37,.2553787782632852,1,93942,.4322600876613132E-05,1,30072,4.977119,0.8555697
94,1.000000000000000,1,1,1,2,38,.2943180363458213,1,93942,.1345870265278362E-04,1,56319,1.438063,118.5349
95,1.000000000000000,1,1,1,2,39,-.6161084405027794E-01,1,93942,-.1534637403268455E-05,1,43126,1.491423,0.8115263
96,1.000000000000000,1,1,1,2,40,-.3245257149670863E-01,1,93942,.1084603666621953E-04,1,38267,-1.844341,15.96474
97,1.000000000000000,1,1,1,2,41,.8798379550332983E-02,1,93942,-.1359675658859927E-05,1,43126,-0.8874334,0.8248278
98,1.000000000000000,1,1,1,2,42,.1660107671669343,1,93942,-.5434792496216186E-05,1,38267,6.996942,75.00951
99,1.000000000000000,1,1,1,2,43,.8518508717612225E-01,1,93942,-.7630349148657169E-06,1,32112,8.541679,0.8158528
100,1.000000000000000,1,1,1,2,44,-.3421178498002966,1,93942,-.1712949401607035E-05,1,38267,-2.518335,6.447705
101,1.000000000000000,1,1,1,2,45,.4780141256891166,1,93942,-.7302835830866573E-06,1,32111,-2.050001,1.063312
102,1.000000000000000,1,1,1,2,46,-.3836956203015524E-01,1,93942,-.5148358415274236E-05,1,38267,0.9367843,89.10692
103,1.000000000000000,1,1,1,2,47,.1626927411057330E-01,1,93942,-.1788115387972622E-05,1,38267,3.490648,0.8668897
104,1.000000000000000,1,1,1,2,48,.3635497160631216E-01,1,93942,-.1859522536095378E-05,1,38267,3.075943,4.075955
105,1.000000000000000,1,1,1,2,49,.1962883571851234E-01,1,93942,-.5449044101062211E-06,1,30554,4.776214,0.8635140
106,1.000000000000000,1,1,1,2,50,.4800690018698886E-01,1,93942,-.6250372441257689E-06,1,30716,3.533310,16.15469
107,1.000000000000000,1,1,1,2,51,-.7254547200066254E-02,1,93942,-.5783059738000913E-06,1,30608,1.807797,1.108346
108,1.000000000000000,1,1,1,2,52,.2748979867918565E-02,1,93942,-.5688002053995197E-06,1,30663,3.332387,1.036546
109,1.000000000000000,1,1,1,2,53,-.8864958792674047E-02,1,93942,-.1254943634632838E-05,1,38267,-1.874940,3.760691
110,1.000000000000000,1,1,1,2,54,.2867540789232842E-01,1,93942,-.1892648884790984E-05,1,38267,-4.148792,13.60614
111,1.000000000000000,1,1,1,2,55,.4482222086446305E-02,1,93942,-.5201018842861816E-06,1,30125,4.271812,0.8221413
112,1.000000000000000,1,1,1,2,56,.2926227938970376E-02,1,93942,-.2167001380680854E-05,1,38267,2.276010,60.42842
113,1.000000000000000,1,1,1,2,57,.2967436554547417E-02,1,93942,-.3971612434229620E-06,1,30450,4.807300,0.8793509
114,1.000000000000000,1,1,1,2,58,.2614845046541007E-02,1,93942,-.7710448514323233E-06,1,38267,2.111841,9.144204
115,1.000000000000000,1,1,1,2,59,.1635434544790560E-02,1,93942,-.3531950087683070E-06,1,30235,6.381735,0.8696436
116,1.000000000000000,1,1,1,2,60,.1749222588997547E-02,1,93942,-.3415851172195519E-06,1,30071,2.367264,20.12256
117,1.000000000000000,1,1,1,2,61,.1147616610775664E-03,1,93942,-.4908827891576908E-06,1,38267,0.9109397,3.815637
118,1.000000000000000,1,1,1,2,62,.3958633737873695E-03,1,93942,-.5465949474458989E-06,1,38267,9.871125,0.8516422
119,1.000000000000000,1,1,1,2,63,.2071259992920951E-02,1,93942,-.2488151976379183E-06,1,30235,5.558654,0.9730675
120,1.000000000000000,1,1,1,2,64,-.2460796734579325E-02,1,93942,-.1190147253441891E-05,1,75149,0.8722796,100.4298
121,1.000000000000000,1,1,1,2,65,.8720230725215792E-03,1,93942,-.5103529521677952E-06,1,30552,13.52992,0.8401603
122,1.000000000000000,1,1,1,2,66,.2336228102964526E-03,1,93942,-.1789622818297514E-06,1,30503,1.177322,1.688191
123,1.000000000000000,1,1,1,2,67,.6224046555647005E-05,1,93942,-.1901343561255522E-06,1,30394,0.5301058E-01,3.791131
124,1.000000000000000,1,1,1,2,68,.2951748598917734E-03,1,93942,-.1399180001355395E-06,1,30396,248.0306,0.8560800
125,1.000000000000000,1,1,1,2,69,.9624367884659608E-04,1,93942,-.2032543715797407E-06,1,75149,2.169582,6.196531
126,1.000000000000000,1,1,1,2,70,.1142635229725849E-03,1,93942,-.1314073538409393E-06,1,75149,2.848038,2.800330
127,1.000000000000000,1,1,1,2,71,.1666176738599348E-03,1,93942,-.9756765855518483E-07,1,30232,10.47451,0.8759628
128,1.000000000000000,1,1,1,2,72,-.3918443898480266E-04,1,93942,-.1017711580664363E-06,1,30235,0.3284007,3.318011
129,1.000000000000000,1,1,1,3,1,-.9803190868341392E-02,1,93942,.2707190543924065E-03,1,76845,1.041069,1.495416
130,1.000000000000000,1,1,1,3,2,.1503614834088264E-01,1,93942,.1454854155001254E-03,1,56842,2.374629,1.085290
131,1.000000000000000,1,1,1,3,3,.2629966097265755E-02,1,93942,.1338573135287489E-03,1,66238,2.936273,2.022595
132,1.000000000000000,1,1,1,3,4,-.2809364019311511E-01,1,93942,.8879802979037382E-04,1,66238,3.476702,1.292640
133,1.000000000000000,1,1,1,3,5,-.6881662608059060E-01,1,93942,.1401743342793948E-03,1,66238,3.250569,1.969682
134,1.000000000000000,1,1,1,3,6,-.7980675011407307E-01,1,93942,.5895683194026923E-04,1,66238,3.158787,1.068639
135,1.000000000000000,1,1,1,3,7,-.1075935107307016,1,93942,.1122281224936484E-03,1,66238,3.039248,2.144588
136,1.000000000000000,1,1,1,3,8,-.1034849912195344,1,93942,.4812836429824024E-04,1,56842,2.884518,1.219288
137,1.000000000000000,1,1,1,3,9,-.1077578182431350,1,93942,.8689428125382605E-04,1,56842,2.870282,2.362939
138,1.000000000000000,1,1,1,3,10,-.1098861361096033,1,93942,-.3169050518511412E-04,1,47500,3.356247,1.137551
139,1.000000000000000,1,1,1,3,11,-.1293221426248996,1,93942,.8711548735670477E-04,1,56842,3.095700,3.409864
140,1.000000000000000,1,1,1,3,12,-.1097219255313026,1,93942,.2637758884149256E-04,1,49336,3.252750,1.089620
141,1.000000000000000,1,1,1,3,13,-.1172585120933484,1,93942,.5756188398273217E-04,1,65753,3.425480,2.605249
142,1.000000000000000,1,1,1,3,14,-.1103846533702197,1,93942,.2605450809092369E-04,1,40157,3.524114,1.025731
143,1.000000000000000,1,1,1,3,15,-.1055112286455274,1,93942,.6679399202110259E-04,1,65753,3.288257,2.771314
144,1.000000000000000,1,1,1,3,16,-.7311996565508314E-01,1,93942,.2798485405905425E-04,1,40375,3.215737,0.9881995
145,1.000000000000000,1,1,1,3,17,-.5705519706474172E-01,1,93942,.6946773160063579E-04,1,65753,3.120425,2.828820
146,1.000000000000000,1,1,1,3,18,-.3838174009252016E-01,1,93942,.2786842450121228E-04,1,40483,2.957080,1.077299
147,1.000000000000000,1,1,1,3,19,-.4309909294640094E-01,1,93942,.7447324986062183E-04,1,65753,3.012536,3.372154
148,1.000000000000000,1,1,1,3,20,-.3593720325878762E-01,1,93942,.2424915808722557E-04,1,40538,3.184028,1.053267
149,1.000000000000000,1,1,1,3,21,-.6627010022633437E-01,1,93942,.6354227929434686E-04,1,65753,3.280434,3.258187
150,1.000000000000000,1,1,1,3,22,-.6454341249793340E-01,1,93942,.2094238489994802E-04,1,65753,3.145163,1.081314
151,1.000000000000000,1,1,1,3,23,-.9252548662838836E-01,1,93942,.5405800573876754E-04,1,65753,2.927662,3.433830
152,1.000000000000000,1,1,1,3,24,-.7853173632942559E-01,1,93942,.1796466390398279E-04,1,65753,2.974375,1.102214
153,1.000000000000000,1,1,1,3,25,-.1055728054459296,1,93942,.4795211148886765E-04,1,65753,2.931170,4.062745
154,1.000000000000000,1,1,1,3,26,-.7840603836627594E-01,1,93942,.1706670617647896E-04,1,40172,2.946348,1.094058
155,1.000000000000000,1,1,1,3,27,-.8215383329129226E-01,1,93942,.4402148881768046E-04,1,65753,2.586758,5.002589
156,1.000000000000000,1,1,1,3,28,-.5816266959605994E-01,1,93942,.1595783695885135E-04,1,31263,3.338881,0.9306548
157,1.000000000000000,1,1,1,3,29,-.9280636916463911E-01,1,93942,.7252272590080569E-04,1,65753,2.095585,22.42232
158,1.000000000000000,1,1,1,3,30,-.8876867623202059E-01,1,93942,.1062228639856560E-04,1,31263,11.69812,0.8068842
159,1.000000000000000,1,1,1,3,31,-.3134093770254696E-01,1,93942,.4277203761859176E-04,1,47663,0.2882570,24.08245
160,1.000000000000000,1,1,1,3,32,.1313702542065315E-01,1,93942,-.8778572845478538E-05,1,47663,2.501914,1.790475
161,1.000000000000000,1,1,1,3,33,-.6177470985327462E-01,1,93942,.7036862429174359E-05,1,31263,14.00053,0.8349219
162,1.000000000000000,1,1,1,3,34,-.1577035949211383,1,93942,.3436970042924892E-04,1,47663,1.165757,86.90021
163,1.000000000000000,1,1,1,3,35,.7427194383384111E-02,1,93942,.2827490069339531E-05,1,40008,1.168052,0.8408998
164,1.000000000000000,1,1,1,3,36,-.3281138574146043E-01,1,93942,.2839968060246637E-05,1,65753,6.604458,1.708812
165,1.000000000000000,1,1,1,3,37,-.1037938244365696,1,93942,-.8842512357479107E-05,1,47663,2.186637,60.93785
166,1.000000000000000,1,1,1,3,38,.2787790292184849E-01,1,93942,.2331178775673353E-05,1,39631,-6.137857,0.8132836
167,1.000000000000000,1,1,1,3,39,-.8985930211114461E-01,1,93942,.3763909999522469E-05,1,65753,-1.675247,9.066861
168,1.000000000000000,1,1,1,3,40,-.1384166369846084E-01,1,93942,.9034498633983247E-06,1,39032,1.723912,0.8984678
169,1.000000000000000,1,1,1,3,41,-.8842393378992007E-02,1,93942,.3030488914425315E-05,1,65753,1.753049,13.24798
170,1.000000000000000,1,1,1,3,42,.7409959907460064E-02,1,93942,.9322931404952232E-06,1,65753,-2.749332,1.413530
171,1.000000000000000,1,1,1,3,43,-.2980719303172210E-01,1,93942,.6784585061779485E-06,1,39032,-8.189168,0.8276746
172,1.000000000000000,1,1,1,3,44,-.5244307958726686E-01,1,93942,.1921220073750874E-05,1,65753,1.188087,215.7779
173,1.000000000000000,1,1,1,3,45,.5204376690996484E-03,1,93942,.2882298666050552E-06,1,39573,-6.087501,0.8462786
174,1.000000000000000,1,1,1,3,46,-.8662029495574134E-03,1,93942,.1704360240361354E-06,1,40441,-4.634173,0.9200994
175,1.000000000000000,1,1,1,3,47,.1077429965169657E-02,1,93942,.1302313572139971E-06,1,40172,0.9753881,10.35284
176,1.000000000000000,1,1,1,3,48,-.9046417671046400E-04,1,93942,.1325094268177094E-06,1,40172,-1.767662,1.024874
177,1.000000000000000,1,1,1,3,49,.1887139811974024E-02,1,93942,-.2245384506479949E-06,1,65752,-5.994655,7.987735
178,1.000000000000000,1,1,1,3,50,.7176869333169068E-03,1,93942,.8992168844015245E-07,1,31263,2.650382,0.8687309
179,1.000000000000000,1,1,1,3,51,.8539749696617587E-03,1,93942,-.1081226173221690E-06,1,56319,3.347736,2.875149
180,1.000000000000000,1,1,1,3,52,.1860488192660642E-02,1,93942,-.7940138313488077E-07,1,56319,3.920078,2.014298
181,1.000000000000000,1,1,1,3,53,.6329843060205761E-03,1,93942,.6389060294162876E-07,1,31263,3.832672,0.8620465
182,1.000000000000000,1,1,1,3,54,.1247093558140138E-01,1,93942,-.1041973267235095E-06,1,47772,21.21365,25.63747
183,1.000000000000000,1,1,1,3,55,-.8096122062051053E-02,1,93942,.4483818189464617E-07,1,40172,0.5666058,0.8209434
184,1.000000000000000,1,1,1,3,56,.6432338263172571E-03,1,93942,-.1645851088222827E-06,1,56319,2.190683,15.15929
185,1.000000000000000,1,1,1,4,1,.4610039391943201E-03,1,93904,.2912733504268892E-03,1,57113,1.038032,1.469284
186,1.000000000000000,1,1,1,4,2,.1726055729355223E-03,1,93942,.1537503714293344E-03,1,57113,2.372622,1.043095
187,1.000000000000000,1,1,1,4,3,.3270210040414199E-03,1,93942,.1269125463227006E-03,1,57113,2.956474,1.999044
188,1.000000000000000,1,1,1,4,4,.4656507130293904E-03,1,93942,.6583822986943485E-04,1,47825,3.484819,1.366135
189,1.000000000000000,1,1,1,4,5,.4110313691959491E-03,1,93942,.6393886473947721E-04,1,57059,3.534017,1.583142
190,1.000000000000000,1,1,1,4,6,-.2597824229989901E-03,1,93942,.4633956648257845E-04,1,57059,3.400932,1.263207
191,1.000000000000000,1,1,1,4,7,-.1871664122563512E-02,1,93942,.6164450853127725E-04,1,57059,2.703225,1.938398
192,1.000000000000000,1,1,1,4,8,-.3013429248278402E-02,1,93942,.3688500617488790E-04,1,57059,2.736137,1.289511
193,1.000000000000000,1,1,1,4,9,-.4275572297312807E-02,1,93942,.3686003565585646E-04,1,57059,2.826773,1.720456
194,1.000000000000000,1,1,1,4,10,-.4629565277484165E-02,1,93942,.2182315540289583E-04,1,57059,2.947325,1.196133
195,1.000000000000000,1,1,1,4,11,-.5125111663870848E-02,1,93942,.2662422427974012E-04,1,57059,2.719936,2.171889
196,1.000000000000000,1,1,1,4,12,-.4667779906582288E-02,1,93942,.1562457078802875E-04,1,47826,2.799582,1.301960
197,1.000000000000000,1,1,1,4,13,-.5311132609700945E-02,1,93942,.1665768350153312E-04,1,57059,3.139326,1.889524
198,1.000000000000000,1,1,1,4,14,-.5721604976646559E-02,1,93942,.1290735056144637E-04,1,57114,2.943947,1.726564
199,1.000000000000000,1,1,1,4,15,-.5288832529000686E-02,1,93942,.1136053789156833E-04,1,57114,2.944709,1.868123
200,1.000000000000000,1,1,1,4,16,-.5320944556971916E-02,1,93942,.7634769083093641E-05,1,57114,3.255852,1.497608
201,1.000000000000000,1,1,1,4,17,-.4740068423159082E-02,1,93942,.9065808697388127E-05,1,66455,2.854733,2.196249
202,1.000000000000000,1,1,1,4,18,-.3883559951929007E-02,1,93942,.6928523003114366E-05,1,49447,2.806755,1.774278
203,1.000000000000000,1,1,1,4,19,-.3519318905038540E-02,1,93942,.8473809331825299E-05,1,66455,2.913075,2.572935
204,1.000000000000000,1,1,1,4,20,-.3103988466198015E-02,1,93942,.6374407298684215E-05,1,49555,3.093265,1.382975
205,1.000000000000000,1,1,1,4,21,-.3408851582108970E-02,1,93942,.6179667740002416E-05,1,48864,3.204015,1.723129
206,1.000000000000000,1,1,1,4,22,-.4577029725159649E-02,1,93942,.6114126457806676E-05,1,49027,3.936030,1.012422
207,1.000000000000000,1,1,1,4,23,-.5794148670910543E-02,1,93942,-.9827552956102702E-05,1,66238,2.772288,3.648973
208,1.000000000000000,1,1,1,4,24,.2341286774690719E-01,1,93942,.6934165073422543E-05,1,49448,-17.36434,0.8201532
209,1.000000000000000,1,1,1,4,25,-.2763529259035655E-01,1,93942,-.2431378914279000E-04,1,56842,-0.7090941,17.63198
210,1.000000000000000,1,1,1,4,26,-.1899880534077171E-01,1,93942,.4836348242251049E-05,1,40172,1.046937,1.204060
211,1.000000000000000,1,1,1,4,27,.3170994431436849E-02,1,93942,.4887101622055257E-05,1,49027,-2.781544,0.9401489
212,1.000000000000000,1,1,1,4,28,-.3660782783164416E-01,1,93942,.3026728662380249E-04,1,56842,-3.079639,60.67596
213,1.000000000000000,1,1,1,4,29,-.8098044032218489E-02,1,93942,.3598009767427099E-05,1,40172,3.825952,0.8224426
214,1.000000000000000,1,1,1,4,30,-.6660679553258425E-01,1,93942,.3455975162092278E-05,1,41465,6.875981,1.372317
215,1.000000000000000,1,1,1,4,31,.6196153110929067E-02,1,93942,.1531675633431858E-04,1,66238,0.2278010,91.65223
216,1.000000000000000,1,1,1,4,32,-.2935152391915873,1,93942,.1701551658128728E-04,1,65753,34.62839,1.262226
217,1.000000000000000,1,1,1,4,33,.2513136067032563,1,93942,.3620143745243343E-05,1,40659,0.3826638,1.105149
218,1.000000000000000,1,1,1,4,34,-.1466459042044515E-01,1,93942,.4949541811394249E-05,1,75634,1.434946,3.459939
219,1.000000000000000,1,1,1,4,35,.1364289740206288,1,93942,.5226799153813564E-05,1,48263,-18.97259,0.9561677
220,1.000000000000000,1,1,1,4,36,-.2130608847154717,1,93942,.2941248302440895E-05,1,65753,-0.7025082,1.899452
221,1.000000000000000,1,1,1,4,37,-.3110547898976079E-01,1,93942,.2451051794488492E-05,1,40659,4.657343,0.8263831
222,1.000000000000000,1,1,1,4,38,-.8244260470893228E-01,1,93942,.5728774846427789E-05,1,65753,4.017894,12.33501
223,1.000000000000000,1,1,1,4,39,.5733198886787975E-02,1,93942,.3119614545513163E-05,1,65753,0.7343780,4.154936
224,1.000000000000000,1,1,1,4,40,.3104955340049574E-02,1,93942,.1824274905713802E-05,1,41090,-1.479101,0.8109222
225,1.000000000000000,1,1,1,4,41,-.1290688717372732,1,93942,.4430241855760682E-05,1,65753,-26.99712,24.35322
226,1.000000000000000,1,1,1,4,42,.1712275764208893E-01,1,93942,.1214466535040816E-05,1,65752,0.7481731,3.834738
227,1.000000000000000,1,1,1,4,43,-.1743668810686440E-01,1,93942,.1038471755782135E-05,1,41304,3.180913,0.8234361
228,1.000000000000000,1,1,1,4,44,-.3083144674781473E-01,1,93942,.1326086766842262E-05,1,65753,3.176156,3.502764
229,1.000000000000000,1,1,1,4,45,-.2443884788149513E-01,1,93942,.7683915682559207E-06,1,41360,2.544114,1.093664
230,1.000000000000000,1,1,1,4,46,.9169791682280501E-01,1,93942,.1199226571790830E-05,1,41252,-34.79695,0.8089964
231,1.000000000000000,1,1,1,4,47,-.1306324548646788,1,93942,.3928032387362178E-05,1,65753,0.2079226,145.3230
232,1.000000000000000,1,1,1,4,48,-.6747193857732679E-01,1,93942,.3811772416413901E-06,1,41303,-4.005427,0.8779886
233,1.000000000000000,1,1,1,4,49,-.7668718166794871E-02,1,93942,.9212581456923222E-06,1,65753,1.520479,6.976417
234,1.000000000000000,1,1,1,4,50,-.1994140472548054E-01,1,93942,.2057589694742950E-06,1,41090,7.221821,0.9268015
235,1.000000000000000,1,1,1,4,51,-.9728261958527194E-03,1,93942,-.5429675985725578E-06,1,65753,0.5240353,21.28720
236,1.000000000000000,1,1,1,4,52,-.7529274336416622E-03,1,93942,.1910647060693802E-06,1,41411,1.829205,0.8064249
237,1.000000000000000,1,1,1,4,53,-.1463847644622300E-01,1,93942,.1075242196938901E-06,1,41468,13.99165,19.78864
238,1.000000000000000,1,1,1,4,54,.5878196975874613E-03,1,93942,.1108787029218347E-06,1,41414,-2.253147,0.9684102
239,1.000000000000000,1,1,1,4,55,-.8120534179128031E-02,1,93942,.7425549672477899E-07,1,41465,-14.87308,0.8480057
240,1.000000000000000,1,1,1,4,56,.8947992507045967E-03,1,93942,.1758084309562679E-06,1,65753,0.2938643,15.65536
241,1.000000000000000,1,1,1,4,57,-.4122300104237780E-02,1,93942,.1573888152908353E-06,1,65753,3.108398,10.62606
242,1.000000000000000,1,1,1,4,58,-.2373822425725056E-02,1,93942,.4497715877152837E-07,1,41791,8.215987,0.8728860
243,1.000000000000000,1,1,1,4,59,-.2137365530083645E-02,1,93942,.9813462076272737E-07,1,65753,1.785435,28.44554
244,1.000000000000000,1,1,1,4,60,-.1773727092913448E-02,1,93942,.3146911156829628E-07,1,42220,7.749454,0.9304084
245,1.000000000000000,1,1,1,4,61,-.1002673088012148E-02,1,93942,.4882911449742314E-07,1,65753,1.636584,9.457911
246,1.000000000000000,1,1,1,4,62,-.1473752619915337E-02,1,93942,-.4489353818678996E-07,1,66346,7.217942,5.490907
247,1.000000000000000,1,1,1,4,63,-.5509136333084296E-03,1,93942,.2026286418076841E-07,1,42437,1.821751,0.8514206
248,1.000000000000000,1,1,1,4,64,-.8238693857403757E-03,1,93942,.3468707590882555E-07,1,65752,4.032787,2.492612
249,1.000000000000000,1,1,1,4,65,-.3884482733884870E-03,1,93942,.1676986832343342E-07,1,42496,2.784749,0.9150689
250,1.000000000000000,1,1,1,4,66,-.8241384179711597E-03,1,93942,.4182029340806770E-07,1,65752,3.517005,6.541083
251,1.000000000000000,1,1,1,4,67,-.2661119008759300E-03,1,93942,-.1430180029789454E-07,1,48263,2.870801,0.8538505
252,1.000000000000000,1,1,1,5,1,.1676163801527481E-03,1,93870,.9515350785322142E-04,1,66020,1.022855,1.406417
253,1.000000000000000,1,1,1,5,2,-.6100752325734480E-03,1,93904,.6164316599391228E-04,1,66020,2.147630,1.205617
254,1.000000000000000,1,1,1,5,3,-.1133392967658669E-03,1,93942,.3300274510605860E-04,1,66020,3.100333,1.659917
255,1.000000000000000,1,1,1,5,4,-.1459002260203160E-03,1,93942,.1450425345815468E-04,1,66238,2.980125,1.590074
256,1.000000000000000,1,1,1,5,5,-.1588464625516847E-03,1,93942,-.1350580864219221E-04,1,75362,2.922567,1.789516
257,1.000000000000000,1,1,1,5,6,-.1319382749950437E-03,1,93942,-.9363061406656888E-05,1,75308,3.139080,1.212221
258,1.000000000000000,1,1,1,5,7,-.6699935887781638E-04,1,93942,-.1055654655679356E-04,1,75308,3.161084,2.151304
259,1.000000000000000,1,1,1,5,8,.1103067683272986E-03,1,93942,-.7143439120450681E-05,1,66075,3.082627,1.317744
260,1.000000000000000,1,1,1,5,9,.5363258213894273E-03,1,93942,-.8213231759823717E-05,1,75308,3.471847,1.956472
261,1.000000000000000,1,1,1,5,10,.1038751900987100E-02,1,93942,-.5443674600922006E-05,1,66075,3.496525,1.178843
262,1.000000000000000,1,1,1,5,11,.1812825828348996E-02,1,93942,-.6176822636538712E-05,1,66075,3.437243,1.648566
263,1.000000000000000,1,1,1,5,12,.2788442589146624E-02,1,93942,-.4302801404261134E-05,1,66401,3.738560,1.111214
264,1.000000000000000,1,1,1,5,13,.4029567725198115E-02,1,93942,-.5922021604490396E-05,1,66401,3.623744,1.610632
265,1.000000000000000,1,1,1,5,14,.4599652115245064E-02,1,93942,-.4798224208463423E-05,1,66401,3.223634,1.244359
266,1.000000000000000,1,1,1,5,15,.5883936006438011E-02,1,93942,-.9863491832067237E-05,1,66401,2.868712,3.562290
267,1.000000000000000,1,1,1,5,16,.7898843122196119E-02,1,93942,.1409247330405305E-04,1,75308,3.263540,5.506027
268,1.000000000000000,1,1,1,5,17,.8326102437218069E-02,1,93942,-.2977331830935440E-05,1,66984,3.792205,0.8269382
269,1.000000000000000,1,1,1,5,18,.2967381600986017E-01,1,93942,-.3678765696155309E-05,1,66455,15.25052,0.9586315
270,1.000000000000000,1,1,1,5,19,-.9228572488586387E-02,1,93942,-.8789835971921841E-05,1,66401,0.2525030,35.96534
271,1.000000000000000,1,1,1,5,20,.1265084046135652E-01,1,93942,-.1785791826767084E-05,1,66401,6.381599,1.025700
272,1.000000000000000,1,1,1,5,21,.9957849450037574E-02,1,93942,-.5932456222120930E-05,1,66401,2.756012,10.10176
273,1.000000000000000,1,1,1,5,22,.2140269724196313E-01,1,93942,-.1306130396349599E-05,1,52323,8.444001,0.8849755
274,1.000000000000000,1,1,1,5,23,-.6446658473600506E-02,1,93942,-.4064472651804210E-05,1,66401,1.113756,8.975433
275,1.000000000000000,1,1,1,5,24,.1951272246104129E-02,1,93942,-.1244015879296669E-05,1,43091,0.9679009,0.8978698
276,1.000000000000000,1,1,1,5,25,.6586845738929415E-02,1,93942,.2563957383216487E-05,1,57168,8.018176,4.808605
277,1.000000000000000,1,1,1,5,26,.1736015402915980E-02,1,93942,-.1117907717329695E-05,1,52161,2.886428,0.8561214
278,1.000000000000000,1,1,1,5,27,-.8939194163464535E-02,1,93942,.8081003272539252E-05,1,57168,3.603362,61.36999
279,1.000000000000000,1,1,1,5,28,-.5551972953374456E-03,1,93942,-.8793540267597245E-06,1,52053,0.8463325,0.9298598
280,1.000000000000000,1,1,1,5,29,-.1527335963699478E-03,1,93942,-.8705204902033348E-06,1,52053,1.972524,0.8834917
281,1.000000000000000,1,1,1,5,30,-.1128076971039037E-01,1,93942,.4691226843743646E-05,1,57168,7.582098,62.22194
282,1.000000000000000,1,1,1,5,31,-.1275688262571299E-02,1,93942,-.5945203427749681E-06,1,51458,3.469610,0.8280389
283,1.000000000000000,1,1,1,5,32,-.3397477264110356E-02,1,93942,-.1437806563698042E-05,1,65753,3.924124,20.58098
284,1.000000000000000,1,1,1,5,33,.3312538538083267E-03,1,93942,-.5416568450493726E-06,1,52053,-3.422886,0.8116867
285,1.000000000000000,1,1,1,5,34,-.4164070177099620E-02,1,93942,-.3811999838294188E-06,1,52107,-4.684248,5.020413
286,1.000000000000000,1,1,1,5,35,.7242052458484758E-04,1,93942,.8186182994956317E-06,1,65753,0.7206294,16.90794
287,1.000000000000000,1,1,1,5,36,-.5655095382555016E-03,1,93942,-.3534378259590518E-06,1,52257,7.575996,1.013481
288,1.000000000000000,1,1,1,5,37,-.9274112691905593E-03,1,93942,-.6376461722481617E-06,1,65753,2.206079,2.275748
289,1.000000000000000,1,1,1,5,38,.2610215933547482E-03,1,93942,-.5446194384883870E-06,1,65753,0.9181317,3.029394
290,1.000000000000000,1,1,1,5,39,-.3457794819149256E-03,1,93942,-.2764703348930328E-06,1,52365,13.80689,0.8035840
291,1.000000000000000,1,1,1,5,40,.1351178238260144E-01,1,93942,-.1544527987782496E-05,1,57495,1.790352,229.9204
292,1.000000000000000,1,1,1,5,41,.3689044935126183E-02,1,93942,-.1558206070165826E-06,1,51188,5.376907,0.8190221
293,1.000000000000000,1,1,1,5,42,.3069377004684957E-02,1,93942,-.1582319795268214E-06,1,65753,1.927629,6.065575
294,1.000000000000000,1,1,1,5,43,.4326476000294891E-02,1,93942,-.1722321839366792E-06,1,65753,4.858069,1.796263
295,1.000000000000000,1,1,1,5,44,.2623267074709315E-02,1,93942,-.1436325663821064E-06,1,65753,2.397865,1.481596
296,1.000000000000000,1,1,1,5,45,.5123866596902093E-02,1,93942,-.1744794929525924E-06,1,65753,4.511985,2.041440
297,1.000000000000000,1,1,1,5,46,.2926403969611809E-02,1,93942,-.9222387667574044E-07,1,42496,3.322944,0.9014961
298,1.000000000000000,1,1,1,5,47,.6558393130771625E-02,1,93942,-.2757356119682431E-06,1,65753,3.530334,9.176222
299,1.000000000000000,1,1,1,5,48,.5755327159332174E-02,1,93942,-.5923491352676880E-07,1,65698,6.855904,0.8056248
300,1.000000000000000,1,1,1,5,49,.7812572459931331E-02,1,93942,-.6281481405929425E-07,1,65752,1.494175,17.83781
301,1.000000000000000,1,1,1,5,50,-.1201144872444768E-02,1,93942,-.7604206075553603E-07,1,65753,0.9363514,5.182399
302,1.000000000000000,1,1,1,5,51,.4173987369921519E-02,1,93942,-.4874054841316362E-07,1,65698,8.543064,0.8524708
303,1.000000000000000,1,1,1,5,52,.4217522762419683E-02,1,93942,-.6607764003802888E-07,1,65753,1.723482,18.19280
304,1.000000000000000,1,1,1,5,53,.3841887291835396E-02,1,93942,-.5465631634721813E-07,1,65753,6.650019,1.272669
305,1.000000000000000,1,1,1,5,54,.1613760473403372E-02,1,93942,-.4856721665249680E-07,1,65753,1.565029,2.999394
306,1.000000000000000,1,1,1,5,55,.6351423664615973E-02,1,93942,-.3028840350824448E-07,1,65698,15.02873,0.8256063
307,1.000000000000000,1,1,1,5,56,-.2408360619751772E-02,1,93942,-.3723656800366299E-07,1,65700,1.008118,11.33558
308,1.000000000000000,1,1,1,5,57,.7271894914100403E-03,1,93942,-.3299648704907831E-07,1,65698,0.7380336,1.905551
309,1.000000000000000,1,1,1,5,58,.1463844770838760E-02,1,93942,-.3037242011767388E-07,1,65698,6.992298,1.297757
310,1.000000000000000,1,1,1,5,59,.5857786594230491E-03,1,93942,-.3009501350454330E-07,1,65698,1.619512,3.984785
311,1.000000000000000,1,1,1,6,1,.1170998053876506E-03,1,93942,.1050249612549629E-04,1,75358,1.018047,1.416693
312,1.000000000000000,1,1,1,6,2,.1624298842752284E-03,1,93942,-.6665486113677133E-05,1,66238,2.297218,1.061888
313,1.000000000000000,1,1,1,6,3,.3117962318995793E-03,1,93942,-.3798605937744449E-05,1,66400,2.887635,1.991318
314,1.000000000000000,1,1,1,6,4,.4388616982023261E-03,1,93942,-.2520738365860081E-05,1,75361,3.513965,1.210035
315,1.000000000000000,1,1,1,6,5,.7882830984961098E-03,1,93942,.3960313933416187E-05,1,57386,4.113073,1.727063
316,1.000000000000000,1,1,1,6,6,.6978493310929941E-03,1,93942,-.2249843233802222E-05,1,57332,3.026242,1.086446
317,1.000000000000000,1,1,1,6,7,.6695870357714890E-03,1,93942,-.2460445910660242E-05,1,57332,3.191888,1.387206
318,1.000000000000000,1,1,1,6,8,.5618356958224215E-03,1,93942,-.1607490075547625E-05,1,57332,2.940463,1.178276
319,1.000000000000000,1,1,1,6,9,.5449550343151546E-03,1,93942,-.1513954404469175E-05,1,57332,3.364901,1.408027
320,1.000000000000000,1,1,1,6,10,.5293821410974378E-03,1,93942,.1173258966741756E-05,1,57386,3.782149,1.189592
321,1.000000000000000,1,1,1,6,11,.4370813993212250E-03,1,93942,.3204845006096356E-05,1,57386,3.505566,2.473421
322,1.000000000000000,1,1,1,6,12,.2453108636185998E-03,1,93942,.2425168461016555E-05,1,57386,3.022096,1.529597
323,1.000000000000000,1,1,1,6,13,-.2638214429684591E-04,1,93942,.3527472255937086E-05,1,57386,3.611889,2.233414
324,1.000000000000000,1,1,1,6,14,-.1340039461425455E-03,1,93942,.3084313941948629E-05,1,57386,4.511240,1.590138
325,1.000000000000000,1,1,1,6,15,-.2283088920563557E-03,1,93942,.5481282092618839E-05,1,57386,5.092631,2.212893
326,1.000000000000000,1,1,1,6,16,.1044381416000223E-03,1,93941,.7096490784740075E-05,1,57386,5.276929,1.580321
327,1.000000000000000,1,1,1,6,17,.2427601608370338E-02,1,93942,.1041393261149121E-04,1,57386,15.97903,0.8756967
328,1.000000000000000,1,1,1,6,18,.1095724299407193E-01,1,93942,-.4855029601004774E-04,1,57386,0.3024252,20.47953
329,1.000000000000000,1,1,1,6,19,.2324664155846598E-01,1,93942,.1717367415123009E-04,1,57332,17.46647,1.190531
330,1.000000000000000,1,1,1,6,20,-.1005721418260114,1,93942,-.3344743456210568E-04,1,57386,-6.240362,1.296539
331,1.000000000000000,1,1,1,6,21,-.8023008309753588E-01,1,93942,-.2325044901437287E-03,1,57386,2.349905,9.041679
332,1.000000000000000,1,1,1,6,22,.3933049517038142E-01,1,93942,.2647416942689494E-04,1,49027,1.032854,0.8277114
333,1.000000000000000,1,1,1,6,23,.4756556303410950E-01,1,93942,-.1010169332819996E-03,1,57386,3.105395,24.33753
334,1.000000000000000,1,1,1,6,24,-.1184808383281990E-01,1,93942,.1311684126544841E-04,1,49027,1.357934,0.8314728
335,1.000000000000000,1,1,1,6,25,.2254680282407258E-01,1,93942,.3393791035608804E-04,1,57386,0.6281589,142.8693
336,1.000000000000000,1,1,1,6,26,-.2337885835988469E-03,1,93942,.7652152721690362E-05,1,50055,-2.145586,0.8204393
337,1.000000000000000,1,1,1,6,27,.6640615155607789E-02,1,93942,.6301647736405454E-05,1,50269,32.33679,7.180610
338,1.000000000000000,1,1,1,6,28,.4501218365797237E-02,1,93942,.1787406418662295E-04,1,57386,0.6378259,7.076117
339,1.000000000000000,1,1,1,6,29,.5435473343369417E-02,1,93942,.4948004177373388E-05,1,50432,9.938622,0.8155400
340,1.000000000000000,1,1,1,6,30,.1850573732376162E-01,1,93942,-.1230801179125972E-05,1,75688,3.383884,2.126189
341,1.000000000000000,1,1,1,6,31,-.4987172496567773E-02,1,93942,-.4396188581842023E-05,1,65753,1.019573,10.41205
342,1.000000000000000,1,1,1,6,32,.8748693679147557E-01,1,93942,-.2478439809595922E-04,1,65753,179.2389,0.8254434
343,1.000000000000000,1,1,1,6,33,-.8284091547765864E-01,1,93942,-.2046771126912962E-05,1,65753,0.4566169E-01,9.529396
344,1.000000000000000,1,1,1,6,34,-.3335705316982785E-03,1,93942,.8662040287322805E-06,1,50540,-0.6451024,0.8523230
345,1.000000000000000,1,1,1,6,35,.1345410193780481E-02,1,93942,-.4972675926384172E-06,1,65753,-11.07120,19.02746
346,1.000000000000000,1,1,1,6,36,.8722581329478218E-04,1,93942,.3104042426184689E-06,1,50648,2.315902,0.8660291
347,1.000000000000000,1,1,1,6,37,.4755585460524542E-04,1,93942,-.1902966111214282E-06,1,65753,4.196772,1.101568
348,1.000000000000000,1,1,1,6,38,-.9187918860822514E-04,1,93942,-.2539135847018976E-06,1,65753,1.646350,2.705333
349,1.000000000000000,1,1,1,6,39,-.2065758714102137E-03,1,93942,.5877268441256360E-07,1,50754,3.651007,0.8312535
350,1.000000000000000,1,1,1,6,40,-.1005226998625993E-02,1,93942,.6111930942987755E-07,1,65752,1.533257,21.43189
351,1.000000000000000,1,1,1,6,41,-.6148432520535894E-03,1,93942,.8590197321654782E-07,1,65752,10.81996,1.281105
352,1.000000000000000,1,1,1,6,42,-.1528804533024805E-02,1,93942,.3323608080666186E-06,1,65753,2.390499,3.498663
353,1.000000000000000,1,1,1,6,43,.1033952005371459E-02,1,93942,.3055406706958097E-07,1,65753,1.009230,0.9116194
354,1.000000000000000,1,1,1,6,44,-.4110146534884395E-03,1,93942,.2570098699351175E-07,1,65753,6.263716,0.8759441
355,1.000000000000000,1,1,1,6,45,-.6438961944567036E-03,1,93942,.5066813201892733E-07,1,65753,3.358411,2.407755
356,1.000000000000000,1,1,1,6,46,-.3071047870843124E-03,1,93942,.7202881998616660E-07,1,65752,0.4108031,12.50344
357,1.000000000000000,1,1,1,7,1,-.9044294194075392E-04,1,93942,.2014007073038558E-05,1,66346,1.019497,1.466204
358,1.000000000000000,1,1,1,7,2,-.1178781995914492E-03,1,93942,-.9149157327530292E-06,1,75414,2.421710,1.069316
359,1.000000000000000,1,1,1,7,3,-.2179250123900769E-03,1,93942,.6890956531784772E-06,1,66346,3.278576,1.523997
360,1.000000000000000,1,1,1,7,4,-.4245885026936657E-03,1,93942,-.9024923129323190E-06,1,57004,3.873896,1.992215
361,1.000000000000000,1,1,1,7,5,-.5855479267563337E-03,1,93942,-.9183120231127305E-06,1,57004,4.013428,1.377466
362,1.000000000000000,1,1,1,7,6,-.1066049930739496E-02,1,93942,.9627737698490522E-06,1,75416,5.032636,1.268083
363,1.000000000000000,1,1,1,7,7,-.2192305134188727E-02,1,93942,.1210200088504590E-05,1,66346,5.546510,1.208558
364,1.000000000000000,1,1,1,7,8,-.2616767703837179E-02,1,93942,-.1077652343203610E-05,1,57168,6.002459,0.9387555
365,1.000000000000000,1,1,1,7,9,.7308617418611584E-03,1,93942,.9548218138589579E-06,1,66238,0.3787552,16.78365
366,1.000000000000000,1,1,1,7,10,-.1855535199541458E-03,1,93942,-.8205699016261963E-06,1,66346,2.021199,9.191243
367,1.000000000000000,1,1,1,7,11,-.4234190569862957E-04,1,93942,.2761307794392238E-06,1,66346,-0.1207591,1.015230
368,1.000000000000000,1,1,1,8,1,-.3330932478141810E-04,1,93942,-.2955549227785006E-06,1,47935,1.038047,1.334779
369,1.000000000000000,1,1,1,8,2,-.1170897016683120E-03,1,93942,-.2425133295538574E-06,1,57386,5.846845,0.9785462
370,1.000000000000000,1,1,1,8,3,-.3006610741393380E-03,1,93942,-.2961854814272747E-06,1,57386,3.846469,2.839238
371,1.000000000000000,1,1,1,8,4,-.2233014816697144E-03,1,93942,-.1604701113871667E-06,1,66400,2.366610,1.454202
372,1.000000000000000,1,1,1,8,5,-.1604422524479378E-03,1,93942,.1223852916794619E-06,1,48044,2.379803,1.634635
373,1.000000000000000,1,1,1,8,6,-.1060609499239262E-03,1,93942,.7030931859716269E-07,1,48044,2.398719,1.122343
374,1.000000000000000,1,1,1,9,1,-.3860108016491069E-04,1,93942,-.9876011919189344E-07,1,72331,1.029705,1.285284
375,1.000000000000000,1,1,1,9,2,-.1659698603107944E-03,1,93942,-.3401991631519758E-07,1,78740,8.376656,0.9553070
376,1.000000000000000,1,1,1,9,3,-.3289203665750290E-03,1,93942,.7203950269783296E-07,1,75688,3.396058,3.310115
377,1.000000000000000,1,1,1,9,4,-.2355066471037250E-03,1,93942,.8485989766624301E-07,1,66238,2.473246,2.170346
378,1.000000000000000,1,1,1,10,1,-.1959699865376967E-04,1,93942,.3520676381181231E-07,1,66400,1.089722,1.142697
379,1.000000000000000,1,1,1,10,2,-.2146940143717411E-03,1,93942,-.4192958089075272E-07,1,66346,16.57413,0.9955086
380,1.000000000000000,1,1,1,10,3,-.2048060649411033E-03,1,93942,.8108894520411131E-07,1,65753,1.968416,4.237909
381,1.000000000000000,1,1,1,11,1,-.1659078171251409E-04,1,93942,-.2221027268565174E-07,1,72331,1.344370,0.9953410
382,1.000000000000000,1,1,1,11,2,-.2686403062948716E-03,1,93942,.6775658333300514E-07,1,65753,17.17829,1.249267
383,1.000000000000000,1,1,1,11,3,-.2218932014111649E-03,1,93942,.1059197757619092E-06,1,65753,1.974076,2.723208
384,1.000000000000000,1,1,1,12,1,-.1169363862906534E-04,1,93942,.2975441282184957E-07,1,66454,1.889838,0.9382812
